{
  "overall_accuracy": 0.7687160184023422,
  "classification_report": {
    "Candidate": {
      "precision": 0.527363184079602,
      "recall": 0.6424242424242425,
      "f1-score": 0.5792349726775956,
      "support": 495.0
    },
    "Confirmed": {
      "precision": 0.8098591549295775,
      "recall": 0.8381924198250729,
      "f1-score": 0.8237822349570201,
      "support": 686.0
    },
    "False Positive": {
      "precision": 0.8766233766233766,
      "recall": 0.78099173553719,
      "f1-score": 0.826048951048951,
      "support": 1210.0
    },
    "accuracy": 0.7687160184023422,
    "macro avg": {
      "precision": 0.7379485718775186,
      "recall": 0.7538694659288351,
      "f1-score": 0.7430220528945223,
      "support": 2391.0
    },
    "weighted avg": {
      "precision": 0.7851620418717603,
      "recall": 0.7687160184023422,
      "f1-score": 0.7743016124739256,
      "support": 2391.0
    }
  },
  "confusion_matrix": [
    [
      318,
      75,
      102
    ],
    [
      80,
      575,
      31
    ],
    [
      205,
      60,
      945
    ]
  ],
  "feature_importance": [
    0.0390689312141982,
    0.032164345152731845,
    0.026896665787916507,
    0.029191745114411045,
    0.013730444183794115,
    0.013361443929482741,
    0.030761337955470792,
    0.06955598242654902,
    0.07556265515392524,
    0.03659792217270077,
    0.01879806788848879,
    0.019412843064942984,
    0.08265787179892943,
    0.05702662109904818,
    0.052126803580163014,
    0.025893996858602594,
    0.027714922243335504,
    0.02896102327533575,
    0.022008125037837823,
    0.13550594608834896,
    0.01207686725539534,
    0.04969890737868853,
    0.04026791742720352,
    0.013291670197531372,
    0.02255201865587038,
    0.010922444484856684,
    0.01419248057424088
  ],
  "calibration_thresholds": {
    "Candidate": {
      "f1_threshold": 0.45509622303750596,
      "f1_score": 0.5992844364937389,
      "precision_threshold": 0.8368932397712936,
      "recall_threshold": 0.00026630126295010005
    },
    "Confirmed": {
      "f1_threshold": 0.35522598211856904,
      "f1_score": 0.8349514563106796,
      "precision_threshold": 0.9497750211717058,
      "recall_threshold": 8.518924503977706e-05
    },
    "False Positive": {
      "f1_threshold": 0.2753210518825945,
      "f1_score": 0.8536018590240124,
      "precision_threshold": 0.9799650172130917,
      "recall_threshold": 0.013783988174817307
    }
  },
  "training_info": {
    "model_type": "LightGBM",
    "test_size": 0.25,
    "random_state": 42,
    "n_features": 29,
    "n_samples": 9564,
    "hyperparameter_optimization": {
      "enabled": false
    }
  }
}